Company Name,Contact Name,Website/Domain,Opportunity Details,Source Platform,Original Post,Posted Date,Business Context
ABC Law,Sarah James,abclaw.co.uk,Looking for reliable same-day legal document courier,LinkedIn Jobs,"We're looking for a better same-day courier for our court documents. Missing deadlines costs us clients.",21 Jun 2026,Operations Manager at 5-person firm handling 20+ court cases monthly
Quality Pharmacy,Michael Chen,qualitypharmacy.co.uk,Need same-day prescription delivery service,LinkedIn Jobs,"We deliver 50+ prescriptions daily and need a courier who understands pharmaceutical compliance requirements.",18 Jun 2026,Operations Manager at pharmacy group with 3 locations delivering 200+ prescriptions weekly
Prime Property Solutions,Emma Richardson,primeproperty.co.uk,Require same-day document and key delivery for property completions,LinkedIn Jobs,"We close 15-20 properties weekly. Completion documents must reach solicitors same-day or we lose the deal.",19 Jun 2026,Operations Manager managing 6 branches with ~80 transactions monthly
BuildRight Contractors,David Patterson,buildright.co.uk,Need material delivery to multiple construction sites same-day,LinkedIn Jobs,"We run 6-8 active sites across London. Site delays cost £2k/day. Need courier for daily materials and urgent supplier collections.",16 Jun 2026,Operations Manager coordinating 12+ active projects across London area
Russell & Partners Accountancy,Michael Thompson,russellandpartners.co.uk,Looking for reliable tax filing courier during peak season,LinkedIn Jobs,"During tax season we file 200+ documents per week with HMRC. Missing deadlines by even an hour costs clients penalties.",17 Jun 2026,Practice Manager handling 50+ clients with peak season Jan-Feb and Mar-Apr
The Olive Kitchen,Marcus Williams,theolive.co.uk,Need reliable same-day supplier delivery from multiple vendors,LinkedIn Jobs,"We run 3 restaurants. Every night we need food deliveries from 5+ suppliers. Failed deliveries mean canceled dishes and angry customers.",14 Jun 2026,General Manager overseeing 3 locations with 200+ covers nightly and 15-20 daily collections
Urban Clothing Co,Lisa Foster,urbanclothing.co.uk,Require same-day stock delivery and customer order shipping,LinkedIn Jobs,"We run 5 stores plus online. Need stock to stores same-day and customer orders shipped same-day. Currently missing delivery windows.",20 Jun 2026,Operations Manager managing £2M revenue with 50+ orders daily and 10+ store deliveries weekly
City Pharmacy Group,James Chen,citypharmacy.co.uk,Need same-day prescription delivery to patients across London,LinkedIn Jobs,"We deliver 50+ prescriptions daily across London. Need courier understanding pharmaceutical compliance and guaranteeing morning delivery.",15 Jun 2026,Operations Manager at 12 locations handling 200+ prescriptions weekly with dedicated backup courier needs
Thornton & Associates,Sarah Mitchell,thornton-associates.co.uk,Looking for guaranteed same-day court bundle delivery,LinkedIn Jobs,"We handle time-sensitive legal cases across London and need courier guaranteeing next-morning delivery of court bundles.",18 Jun 2026,Practice Manager managing 8 lawyers handling court deadlines with 3 current courier providers
East London Architects,Robert Singh,eastlondonarch.co.uk,Need same-day delivery of architectural plans to sites,LinkedIn Jobs,"Multiple active projects need plans delivered same-day to building sites. Drawing delays delay entire projects.",12 Jun 2026,Operations Manager coordinating 5+ concurrent architectural projects across Southeast
